--------------------------------------------------------
--How to execute:
-- 1.create user:
---- USER SQL
--CREATE USER PRODUCTSYSTEM IDENTIFIED BY PRODUCTSYSTEM 
--DEFAULT TABLESPACE "USERS"
--TEMPORARY TABLESPACE "TEMP";

---- ROLES
--GRANT "RESOURCE" TO PRODUCTSYSTEM ;
--GRANT "CONNECT" TO PRODUCTSYSTEM ;

---- SYSTEM PRIVILEGES

---- QUOTAS
--ALTER USER PRODUCTSYSTEM QUOTA UNLIMITED ON USERS;

-- 2.set new connection with the user
-- 3.execute the script
  
--------------------------------------------------------
--------------------------------------------------------
--  DDL for Sequence MEASURES_SEQ
--------------------------------------------------------

   CREATE SEQUENCE  "PRODUCTSYSTEM"."MEASURES_SEQ"  MINVALUE 1 MAXVALUE 9999999999999999999999999999 INCREMENT BY 1 START WITH 21 CACHE 20 NOORDER  NOCYCLE ;
--------------------------------------------------------
--  DDL for Sequence PRODUCTS_SEQ
--------------------------------------------------------

   CREATE SEQUENCE  "PRODUCTSYSTEM"."PRODUCTS_SEQ"  MINVALUE 1 MAXVALUE 9999999999999999999999999999 INCREMENT BY 1 START WITH 41 CACHE 20 NOORDER  NOCYCLE ;
--------------------------------------------------------
--  DDL for Sequence TOWNS_SEQ
--------------------------------------------------------

   CREATE SEQUENCE  "PRODUCTSYSTEM"."TOWNS_SEQ"  MINVALUE 1 MAXVALUE 9999999999999999999999999999 INCREMENT BY 1 START WITH 21 CACHE 20 NOORDER  NOCYCLE ;
--------------------------------------------------------
--  DDL for Sequence TOWNS_SEQ1
--------------------------------------------------------

   CREATE SEQUENCE  "PRODUCTSYSTEM"."TOWNS_SEQ1"  MINVALUE 1 MAXVALUE 9999999999999999999999999999 INCREMENT BY 1 START WITH 21 CACHE 20 NOORDER  NOCYCLE ;
--------------------------------------------------------
--  DDL for Sequence VENDORS_SEQ
--------------------------------------------------------

   CREATE SEQUENCE  "PRODUCTSYSTEM"."VENDORS_SEQ"  MINVALUE 1 MAXVALUE 9999999999999999999999999999 INCREMENT BY 1 START WITH 1 CACHE 20 NOORDER  NOCYCLE ;
--------------------------------------------------------
--  DDL for Sequence VENDORS_SEQ1
--------------------------------------------------------

   CREATE SEQUENCE  "PRODUCTSYSTEM"."VENDORS_SEQ1"  MINVALUE 1 MAXVALUE 9999999999999999999999999999 INCREMENT BY 1 START WITH 21 CACHE 20 NOORDER  NOCYCLE ;
--------------------------------------------------------
--  DDL for Table MEASURES
--------------------------------------------------------

  CREATE TABLE "PRODUCTSYSTEM"."MEASURES" 
   (	"ID" NUMBER(*,0), 
	"NAME" NVARCHAR2(30)
   ) SEGMENT CREATION IMMEDIATE 
  PCTFREE 10 PCTUSED 40 INITRANS 1 MAXTRANS 255 NOCOMPRESS LOGGING
  STORAGE(INITIAL 65536 NEXT 1048576 MINEXTENTS 1 MAXEXTENTS 2147483645
  PCTINCREASE 0 FREELISTS 1 FREELIST GROUPS 1 BUFFER_POOL DEFAULT FLASH_CACHE DEFAULT CELL_FLASH_CACHE DEFAULT)
  TABLESPACE "USERS" ;
--------------------------------------------------------
--  DDL for Table PRODUCTS
--------------------------------------------------------

  CREATE TABLE "PRODUCTSYSTEM"."PRODUCTS" 
   (	"ID" NUMBER(*,0), 
	"NAME" NVARCHAR2(200), 
	"PRICE" NUMBER(5,2), 
	"MESURE_ID" NUMBER(*,0), 
	"VENDOR_ID" NUMBER(*,0)
   ) SEGMENT CREATION IMMEDIATE 
  PCTFREE 10 PCTUSED 40 INITRANS 1 MAXTRANS 255 NOCOMPRESS LOGGING
  STORAGE(INITIAL 65536 NEXT 1048576 MINEXTENTS 1 MAXEXTENTS 2147483645
  PCTINCREASE 0 FREELISTS 1 FREELIST GROUPS 1 BUFFER_POOL DEFAULT FLASH_CACHE DEFAULT CELL_FLASH_CACHE DEFAULT)
  TABLESPACE "USERS" ;
--------------------------------------------------------
--  DDL for Table TOWNS
--------------------------------------------------------

  CREATE TABLE "PRODUCTSYSTEM"."TOWNS" 
   (	"ID" NUMBER(*,0), 
	"NAME" NVARCHAR2(50)
   ) SEGMENT CREATION IMMEDIATE 
  PCTFREE 10 PCTUSED 40 INITRANS 1 MAXTRANS 255 NOCOMPRESS LOGGING
  STORAGE(INITIAL 65536 NEXT 1048576 MINEXTENTS 1 MAXEXTENTS 2147483645
  PCTINCREASE 0 FREELISTS 1 FREELIST GROUPS 1 BUFFER_POOL DEFAULT FLASH_CACHE DEFAULT CELL_FLASH_CACHE DEFAULT)
  TABLESPACE "USERS" ;
--------------------------------------------------------
--  DDL for Table VENDORS
--------------------------------------------------------

  CREATE TABLE "PRODUCTSYSTEM"."VENDORS" 
   (	"ID" NUMBER(*,0), 
	"NAME" NVARCHAR2(50), 
	"BULSTAT" NVARCHAR2(13), 
	"ADDRESS" NVARCHAR2(200), 
	"TOWN_ID" NUMBER(*,0)
   ) SEGMENT CREATION IMMEDIATE 
  PCTFREE 10 PCTUSED 40 INITRANS 1 MAXTRANS 255 NOCOMPRESS LOGGING
  STORAGE(INITIAL 65536 NEXT 1048576 MINEXTENTS 1 MAXEXTENTS 2147483645
  PCTINCREASE 0 FREELISTS 1 FREELIST GROUPS 1 BUFFER_POOL DEFAULT FLASH_CACHE DEFAULT CELL_FLASH_CACHE DEFAULT)
  TABLESPACE "USERS" ;
REM INSERTING into PRODUCTSYSTEM.MEASURES
SET DEFINE OFF;
Insert into PRODUCTSYSTEM.MEASURES (ID,NAME) values (1,'pcs');
Insert into PRODUCTSYSTEM.MEASURES (ID,NAME) values (2,'l');
Insert into PRODUCTSYSTEM.MEASURES (ID,NAME) values (3,'ml');
Insert into PRODUCTSYSTEM.MEASURES (ID,NAME) values (4,'kg');
Insert into PRODUCTSYSTEM.MEASURES (ID,NAME) values (5,'g');
REM INSERTING into PRODUCTSYSTEM.PRODUCTS
SET DEFINE OFF;
Insert into PRODUCTSYSTEM.PRODUCTS (ID,NAME,PRICE,MESURE_ID,VENDOR_ID) values (7,'Ice cream BOSS',2.5,1,2);
Insert into PRODUCTSYSTEM.PRODUCTS (ID,NAME,PRICE,MESURE_ID,VENDOR_ID) values (8,'Ice cream MAGNUM',2,1,2);
Insert into PRODUCTSYSTEM.PRODUCTS (ID,NAME,PRICE,MESURE_ID,VENDOR_ID) values (9,'Ice cream FAMILIA',1.5,1,2);
Insert into PRODUCTSYSTEM.PRODUCTS (ID,NAME,PRICE,MESURE_ID,VENDOR_ID) values (10,'Ice cream ALOMA',1.5,1,2);
Insert into PRODUCTSYSTEM.PRODUCTS (ID,NAME,PRICE,MESURE_ID,VENDOR_ID) values (11,'Ice cream NIRVANA',1.5,1,2);
Insert into PRODUCTSYSTEM.PRODUCTS (ID,NAME,PRICE,MESURE_ID,VENDOR_ID) values (12,'Heineken 0.33',1.51,1,1);
Insert into PRODUCTSYSTEM.PRODUCTS (ID,NAME,PRICE,MESURE_ID,VENDOR_ID) values (13,'Zagorka 0.5',0.6,1,1);
Insert into PRODUCTSYSTEM.PRODUCTS (ID,NAME,PRICE,MESURE_ID,VENDOR_ID) values (14,'Heineken 0.33 can',1.45,1,1);
Insert into PRODUCTSYSTEM.PRODUCTS (ID,NAME,PRICE,MESURE_ID,VENDOR_ID) values (15,'Zagorka 1.5',2.45,1,1);
Insert into PRODUCTSYSTEM.PRODUCTS (ID,NAME,PRICE,MESURE_ID,VENDOR_ID) values (16,'Tomatoes',2,4,3);
Insert into PRODUCTSYSTEM.PRODUCTS (ID,NAME,PRICE,MESURE_ID,VENDOR_ID) values (17,'Cucumbers',1.2,4,3);
Insert into PRODUCTSYSTEM.PRODUCTS (ID,NAME,PRICE,MESURE_ID,VENDOR_ID) values (18,'Grapes',3,4,3);
Insert into PRODUCTSYSTEM.PRODUCTS (ID,NAME,PRICE,MESURE_ID,VENDOR_ID) values (19,'Peaches',2.2,4,3);
Insert into PRODUCTSYSTEM.PRODUCTS (ID,NAME,PRICE,MESURE_ID,VENDOR_ID) values (20,'Paprika',1.7,4,3);
Insert into PRODUCTSYSTEM.PRODUCTS (ID,NAME,PRICE,MESURE_ID,VENDOR_ID) values (24,'Yellow cheese',8.9,4,4);
Insert into PRODUCTSYSTEM.PRODUCTS (ID,NAME,PRICE,MESURE_ID,VENDOR_ID) values (25,'Cheese ',6.5,4,4);
Insert into PRODUCTSYSTEM.PRODUCTS (ID,NAME,PRICE,MESURE_ID,VENDOR_ID) values (26,'Yoghurt 3.5%',2,1,4);
Insert into PRODUCTSYSTEM.PRODUCTS (ID,NAME,PRICE,MESURE_ID,VENDOR_ID) values (27,'Yoghurt 0.1%',2.3,1,4);
Insert into PRODUCTSYSTEM.PRODUCTS (ID,NAME,PRICE,MESURE_ID,VENDOR_ID) values (28,'Milk UHT 3.5%',2.2,1,4);
Insert into PRODUCTSYSTEM.PRODUCTS (ID,NAME,PRICE,MESURE_ID,VENDOR_ID) values (29,'MIlk UHT 0.1%',2,1,4);
REM INSERTING into PRODUCTSYSTEM.TOWNS
SET DEFINE OFF;
Insert into PRODUCTSYSTEM.TOWNS (ID,NAME) values (1,'Sofia');
Insert into PRODUCTSYSTEM.TOWNS (ID,NAME) values (2,'Stara Zagora');
Insert into PRODUCTSYSTEM.TOWNS (ID,NAME) values (3,'Varna');
Insert into PRODUCTSYSTEM.TOWNS (ID,NAME) values (4,'Veliko Tarnovo');
REM INSERTING into PRODUCTSYSTEM.VENDORS
SET DEFINE OFF;
Insert into PRODUCTSYSTEM.VENDORS (ID,NAME,BULSTAT,ADDRESS,TOWN_ID) values (1,'Zagorka LTD.','123138680','Han Asparuh St 41',2);
Insert into PRODUCTSYSTEM.VENDORS (ID,NAME,BULSTAT,ADDRESS,TOWN_ID) values (2,'Nestle Bulgaria AD','831650349','Europa Str.128',1);
Insert into PRODUCTSYSTEM.VENDORS (ID,NAME,BULSTAT,ADDRESS,TOWN_ID) values (3,'Agro Culture Ltd','999999999','Gabrovo Str15',3);
Insert into PRODUCTSYSTEM.VENDORS (ID,NAME,BULSTAT,ADDRESS,TOWN_ID) values (4,'Serdika Ltd','888888888','Nedelino 15',4);
--------------------------------------------------------
--  DDL for Index MEASURES_PK
--------------------------------------------------------

  CREATE UNIQUE INDEX "PRODUCTSYSTEM"."MEASURES_PK" ON "PRODUCTSYSTEM"."MEASURES" ("ID") 
  PCTFREE 10 INITRANS 2 MAXTRANS 255 COMPUTE STATISTICS 
  STORAGE(INITIAL 65536 NEXT 1048576 MINEXTENTS 1 MAXEXTENTS 2147483645
  PCTINCREASE 0 FREELISTS 1 FREELIST GROUPS 1 BUFFER_POOL DEFAULT FLASH_CACHE DEFAULT CELL_FLASH_CACHE DEFAULT)
  TABLESPACE "USERS" ;
--------------------------------------------------------
--  DDL for Index PRODUCTS_PK
--------------------------------------------------------

  CREATE UNIQUE INDEX "PRODUCTSYSTEM"."PRODUCTS_PK" ON "PRODUCTSYSTEM"."PRODUCTS" ("ID") 
  PCTFREE 10 INITRANS 2 MAXTRANS 255 
  STORAGE(INITIAL 65536 NEXT 1048576 MINEXTENTS 1 MAXEXTENTS 2147483645
  PCTINCREASE 0 FREELISTS 1 FREELIST GROUPS 1 BUFFER_POOL DEFAULT FLASH_CACHE DEFAULT CELL_FLASH_CACHE DEFAULT)
  TABLESPACE "USERS" ;
--------------------------------------------------------
--  DDL for Index PRODUCTS_UK1  - MS
--------------------------------------------------------

  CREATE UNIQUE INDEX "PRODUCTSYSTEM"."PRODUCTS_UK1" ON "PRODUCTSYSTEM"."PRODUCTS" ("NAME") 
  PCTFREE 10 INITRANS 2 MAXTRANS 255 COMPUTE STATISTICS 
  STORAGE(INITIAL 65536 NEXT 1048576 MINEXTENTS 1 MAXEXTENTS 2147483645
  PCTINCREASE 0 FREELISTS 1 FREELIST GROUPS 1 BUFFER_POOL DEFAULT FLASH_CACHE DEFAULT CELL_FLASH_CACHE DEFAULT)
  TABLESPACE "USERS" ;
--------------------------------------------------------
--  DDL for Index TOWNS_PK
--------------------------------------------------------

  CREATE UNIQUE INDEX "PRODUCTSYSTEM"."TOWNS_PK" ON "PRODUCTSYSTEM"."TOWNS" ("ID") 
  PCTFREE 10 INITRANS 2 MAXTRANS 255 
  STORAGE(INITIAL 65536 NEXT 1048576 MINEXTENTS 1 MAXEXTENTS 2147483645
  PCTINCREASE 0 FREELISTS 1 FREELIST GROUPS 1 BUFFER_POOL DEFAULT FLASH_CACHE DEFAULT CELL_FLASH_CACHE DEFAULT)
  TABLESPACE "USERS" ;
--------------------------------------------------------
--  DDL for Index VENDORS_INDEX1 - MS
--------------------------------------------------------

  CREATE UNIQUE INDEX "PRODUCTSYSTEM"."VENDORS_INDEX1" ON "PRODUCTSYSTEM"."VENDORS" ("BULSTAT") 
  PCTFREE 10 INITRANS 2 MAXTRANS 255 COMPUTE STATISTICS 
  STORAGE(INITIAL 65536 NEXT 1048576 MINEXTENTS 1 MAXEXTENTS 2147483645
  PCTINCREASE 0 FREELISTS 1 FREELIST GROUPS 1 BUFFER_POOL DEFAULT FLASH_CACHE DEFAULT CELL_FLASH_CACHE DEFAULT)
  TABLESPACE "USERS" ;
--------------------------------------------------------
--  DDL for Index VENDORS_PK
--------------------------------------------------------

  CREATE UNIQUE INDEX "PRODUCTSYSTEM"."VENDORS_PK" ON "PRODUCTSYSTEM"."VENDORS" ("ID") 
  PCTFREE 10 INITRANS 2 MAXTRANS 255 
  STORAGE(INITIAL 65536 NEXT 1048576 MINEXTENTS 1 MAXEXTENTS 2147483645
  PCTINCREASE 0 FREELISTS 1 FREELIST GROUPS 1 BUFFER_POOL DEFAULT FLASH_CACHE DEFAULT CELL_FLASH_CACHE DEFAULT)
  TABLESPACE "USERS" ;
--------------------------------------------------------
--  Constraints for Table MEASURES
--------------------------------------------------------

  ALTER TABLE "PRODUCTSYSTEM"."MEASURES" ADD CONSTRAINT "MEASURES_PK" PRIMARY KEY ("ID")
  USING INDEX PCTFREE 10 INITRANS 2 MAXTRANS 255 COMPUTE STATISTICS 
  STORAGE(INITIAL 65536 NEXT 1048576 MINEXTENTS 1 MAXEXTENTS 2147483645
  PCTINCREASE 0 FREELISTS 1 FREELIST GROUPS 1 BUFFER_POOL DEFAULT FLASH_CACHE DEFAULT CELL_FLASH_CACHE DEFAULT)
  TABLESPACE "USERS"  ENABLE;
  ALTER TABLE "PRODUCTSYSTEM"."MEASURES" MODIFY ("NAME" NOT NULL ENABLE);
  ALTER TABLE "PRODUCTSYSTEM"."MEASURES" MODIFY ("ID" NOT NULL ENABLE);
--------------------------------------------------------
--  Constraints for Table PRODUCTS
--------------------------------------------------------

  ALTER TABLE "PRODUCTSYSTEM"."PRODUCTS" ADD CONSTRAINT "PRODUCTS_UK1" UNIQUE ("NAME")
  USING INDEX PCTFREE 10 INITRANS 2 MAXTRANS 255 COMPUTE STATISTICS 
  STORAGE(INITIAL 65536 NEXT 1048576 MINEXTENTS 1 MAXEXTENTS 2147483645
  PCTINCREASE 0 FREELISTS 1 FREELIST GROUPS 1 BUFFER_POOL DEFAULT FLASH_CACHE DEFAULT CELL_FLASH_CACHE DEFAULT)
  TABLESPACE "USERS"  ENABLE;
  ALTER TABLE "PRODUCTSYSTEM"."PRODUCTS" ADD CONSTRAINT "PRODUCTS_PK" PRIMARY KEY ("ID")
  USING INDEX PCTFREE 10 INITRANS 2 MAXTRANS 255 
  STORAGE(INITIAL 65536 NEXT 1048576 MINEXTENTS 1 MAXEXTENTS 2147483645
  PCTINCREASE 0 FREELISTS 1 FREELIST GROUPS 1 BUFFER_POOL DEFAULT FLASH_CACHE DEFAULT CELL_FLASH_CACHE DEFAULT)
  TABLESPACE "USERS"  ENABLE;
  ALTER TABLE "PRODUCTSYSTEM"."PRODUCTS" MODIFY ("VENDOR_ID" NOT NULL ENABLE);
  ALTER TABLE "PRODUCTSYSTEM"."PRODUCTS" MODIFY ("MESURE_ID" NOT NULL ENABLE);
  ALTER TABLE "PRODUCTSYSTEM"."PRODUCTS" MODIFY ("PRICE" NOT NULL ENABLE);
  ALTER TABLE "PRODUCTSYSTEM"."PRODUCTS" MODIFY ("NAME" NOT NULL ENABLE);
  ALTER TABLE "PRODUCTSYSTEM"."PRODUCTS" MODIFY ("ID" NOT NULL ENABLE);
--------------------------------------------------------
--  Constraints for Table TOWNS
--------------------------------------------------------

  ALTER TABLE "PRODUCTSYSTEM"."TOWNS" ADD CONSTRAINT "TOWNS_PK" PRIMARY KEY ("ID")
  USING INDEX PCTFREE 10 INITRANS 2 MAXTRANS 255 
  STORAGE(INITIAL 65536 NEXT 1048576 MINEXTENTS 1 MAXEXTENTS 2147483645
  PCTINCREASE 0 FREELISTS 1 FREELIST GROUPS 1 BUFFER_POOL DEFAULT FLASH_CACHE DEFAULT CELL_FLASH_CACHE DEFAULT)
  TABLESPACE "USERS"  ENABLE;
  ALTER TABLE "PRODUCTSYSTEM"."TOWNS" MODIFY ("NAME" NOT NULL ENABLE);
  ALTER TABLE "PRODUCTSYSTEM"."TOWNS" MODIFY ("ID" NOT NULL ENABLE);
--------------------------------------------------------
--  Constraints for Table VENDORS
--------------------------------------------------------

  ALTER TABLE "PRODUCTSYSTEM"."VENDORS" ADD CONSTRAINT "VENDORS_PK" PRIMARY KEY ("ID")
  USING INDEX PCTFREE 10 INITRANS 2 MAXTRANS 255 
  STORAGE(INITIAL 65536 NEXT 1048576 MINEXTENTS 1 MAXEXTENTS 2147483645
  PCTINCREASE 0 FREELISTS 1 FREELIST GROUPS 1 BUFFER_POOL DEFAULT FLASH_CACHE DEFAULT CELL_FLASH_CACHE DEFAULT)
  TABLESPACE "USERS"  ENABLE;
  ALTER TABLE "PRODUCTSYSTEM"."VENDORS" MODIFY ("BULSTAT" NOT NULL ENABLE);
  ALTER TABLE "PRODUCTSYSTEM"."VENDORS" MODIFY ("NAME" NOT NULL ENABLE);
  ALTER TABLE "PRODUCTSYSTEM"."VENDORS" MODIFY ("ID" NOT NULL ENABLE);
--------------------------------------------------------
--  Ref Constraints for Table PRODUCTS - MS
--------------------------------------------------------

  ALTER TABLE "PRODUCTSYSTEM"."PRODUCTS" ADD CONSTRAINT "PRODUCTS_MEASURES_FK1" FOREIGN KEY ("MESURE_ID")
	  REFERENCES "PRODUCTSYSTEM"."MEASURES" ("ID") ENABLE;
  ALTER TABLE "PRODUCTSYSTEM"."PRODUCTS" ADD CONSTRAINT "PRODUCTS_VENDORS_FK21" FOREIGN KEY ("VENDOR_ID")
	  REFERENCES "PRODUCTSYSTEM"."VENDORS" ("ID") ENABLE;
--------------------------------------------------------
--  Ref Constraints for Table VENDORS - MS
--------------------------------------------------------

  ALTER TABLE "PRODUCTSYSTEM"."VENDORS" ADD CONSTRAINT "FK_VENDORS_TOWN" FOREIGN KEY ("TOWN_ID")
	  REFERENCES "PRODUCTSYSTEM"."TOWNS" ("ID") ENABLE;
--------------------------------------------------------
--  DDL for Trigger MEASURES_TRG - 
--------------------------------------------------------

  CREATE OR REPLACE TRIGGER "PRODUCTSYSTEM"."MEASURES_TRG" BEFORE INSERT ON MEASURES 
FOR EACH ROW 
BEGIN
  <<COLUMN_SEQUENCES>>
  BEGIN
    IF INSERTING AND :NEW.ID IS NULL THEN
      SELECT MEASURES_SEQ.NEXTVAL INTO :NEW.ID FROM DUAL;
    END IF;
  END COLUMN_SEQUENCES;
END;
/
ALTER TRIGGER "PRODUCTSYSTEM"."MEASURES_TRG" ENABLE;
--------------------------------------------------------
--  DDL for Trigger PRODUCTS_TRG
--------------------------------------------------------

  CREATE OR REPLACE TRIGGER "PRODUCTSYSTEM"."PRODUCTS_TRG" BEFORE INSERT ON PRODUCTS 
FOR EACH ROW 
BEGIN
  <<COLUMN_SEQUENCES>>
  BEGIN
    IF INSERTING AND :NEW.ID IS NULL THEN
      SELECT PRODUCTS_SEQ.NEXTVAL INTO :NEW.ID FROM DUAL;
    END IF;
  END COLUMN_SEQUENCES;
END;
/
ALTER TRIGGER "PRODUCTSYSTEM"."PRODUCTS_TRG" ENABLE;
--------------------------------------------------------
--  DDL for Trigger TOWNS_TRG
--------------------------------------------------------

  CREATE OR REPLACE TRIGGER "PRODUCTSYSTEM"."TOWNS_TRG" BEFORE INSERT ON TOWNS 
FOR EACH ROW 
BEGIN
  <<COLUMN_SEQUENCES>>
  BEGIN
    IF INSERTING AND :NEW.ID IS NULL THEN
      SELECT TOWNS_SEQ1.NEXTVAL INTO :NEW.ID FROM DUAL;
    END IF;
  END COLUMN_SEQUENCES;
END;
/
ALTER TRIGGER "PRODUCTSYSTEM"."TOWNS_TRG" ENABLE;
--------------------------------------------------------
--  DDL for Trigger VENDORS_TRG
--------------------------------------------------------

  CREATE OR REPLACE TRIGGER "PRODUCTSYSTEM"."VENDORS_TRG" BEFORE INSERT ON VENDORS 
FOR EACH ROW 
BEGIN
  <<COLUMN_SEQUENCES>>
  BEGIN
    IF INSERTING AND :NEW.ID IS NULL THEN
      SELECT VENDORS_SEQ1.NEXTVAL INTO :NEW.ID FROM DUAL;
    END IF;
  END COLUMN_SEQUENCES;
END;
/
ALTER TRIGGER "PRODUCTSYSTEM"."VENDORS_TRG" ENABLE;
