--------------------------------------------------------
--  File created - Saturday-July-18-2015   
--------------------------------------------------------
--------------------------------------------------------
--  DDL for Sequence DISTRIBUTORS_SEQ
--------------------------------------------------------

   CREATE SEQUENCE  "CASHIER"."DISTRIBUTORS_SEQ"  MINVALUE 1 MAXVALUE 9999999999999999999999999999 INCREMENT BY 1 START WITH 1 CACHE 20 NOORDER  NOCYCLE ;
--------------------------------------------------------
--  DDL for Sequence MEASURES_SEQ
--------------------------------------------------------

   CREATE SEQUENCE  "CASHIER"."MEASURES_SEQ"  MINVALUE 1 MAXVALUE 9999999999999999999999999999 INCREMENT BY 1 START WITH 1 CACHE 20 NOORDER  NOCYCLE ;
--------------------------------------------------------
--  DDL for Sequence MEASURES_SEQ1
--------------------------------------------------------

   CREATE SEQUENCE  "CASHIER"."MEASURES_SEQ1"  MINVALUE 1 MAXVALUE 9999999999999999999999999999 INCREMENT BY 1 START WITH 1 CACHE 20 NOORDER  NOCYCLE ;
--------------------------------------------------------
--  DDL for Sequence PRODUCTS_SEQ
--------------------------------------------------------

   CREATE SEQUENCE  "CASHIER"."PRODUCTS_SEQ"  MINVALUE 1 MAXVALUE 9999999999999999999999999999 INCREMENT BY 1 START WITH 1 CACHE 20 NOORDER  NOCYCLE ;
--------------------------------------------------------
--  DDL for Sequence PRODUCTS_SEQ1
--------------------------------------------------------

   CREATE SEQUENCE  "CASHIER"."PRODUCTS_SEQ1"  MINVALUE 1 MAXVALUE 9999999999999999999999999999 INCREMENT BY 1 START WITH 21 CACHE 20 NOORDER  NOCYCLE ;
--------------------------------------------------------
--  DDL for Sequence PRODUCTS_SEQ2
--------------------------------------------------------

   CREATE SEQUENCE  "CASHIER"."PRODUCTS_SEQ2"  MINVALUE 1 MAXVALUE 9999999999999999999999999999 INCREMENT BY 1 START WITH 1 CACHE 20 NOORDER  NOCYCLE ;
--------------------------------------------------------
--  DDL for Sequence PROMOTIONS_SEQ
--------------------------------------------------------

   CREATE SEQUENCE  "CASHIER"."PROMOTIONS_SEQ"  MINVALUE 1 MAXVALUE 9999999999999999999999999999 INCREMENT BY 1 START WITH 1 CACHE 20 NOORDER  NOCYCLE ;
--------------------------------------------------------
--  DDL for Sequence VENDORS_SEQ
--------------------------------------------------------

   CREATE SEQUENCE  "CASHIER"."VENDORS_SEQ"  MINVALUE 1 MAXVALUE 9999999999999999999999999999 INCREMENT BY 1 START WITH 1 CACHE 20 NOORDER  NOCYCLE ;
--------------------------------------------------------
--  DDL for Table DISTRIBUTORS
--------------------------------------------------------

  CREATE TABLE "CASHIER"."DISTRIBUTORS" 
   (	"ID" NUMBER(*,0), 
	"DISTRIBUTOR_NAME" NVARCHAR2(200), 
	"CONTACT_NAME" NVARCHAR2(200), 
	"CONTACT_PHONE" NVARCHAR2(20), 
	"DIST_ADDRESS" NVARCHAR2(200)
   ) SEGMENT CREATION IMMEDIATE 
  PCTFREE 10 PCTUSED 40 INITRANS 1 MAXTRANS 255 NOCOMPRESS LOGGING
  STORAGE(INITIAL 65536 NEXT 1048576 MINEXTENTS 1 MAXEXTENTS 2147483645
  PCTINCREASE 0 FREELISTS 1 FREELIST GROUPS 1 BUFFER_POOL DEFAULT FLASH_CACHE DEFAULT CELL_FLASH_CACHE DEFAULT)
  TABLESPACE "USERS" ;
--------------------------------------------------------
--  DDL for Table MEASURES
--------------------------------------------------------

  CREATE TABLE "CASHIER"."MEASURES" 
   (	"ID" NUMBER(*,0), 
	"MEASURE_TYPE" VARCHAR2(20 BYTE), 
	"SHORT" NVARCHAR2(20)
   ) SEGMENT CREATION IMMEDIATE 
  PCTFREE 10 PCTUSED 40 INITRANS 1 MAXTRANS 255 NOCOMPRESS LOGGING
  STORAGE(INITIAL 65536 NEXT 1048576 MINEXTENTS 1 MAXEXTENTS 2147483645
  PCTINCREASE 0 FREELISTS 1 FREELIST GROUPS 1 BUFFER_POOL DEFAULT FLASH_CACHE DEFAULT CELL_FLASH_CACHE DEFAULT)
  TABLESPACE "USERS" ;
--------------------------------------------------------
--  DDL for Table PRODUCTS
--------------------------------------------------------

  CREATE TABLE "CASHIER"."PRODUCTS" 
   (	"ID" NUMBER(*,0), 
	"PRODUCT_TYPE" NVARCHAR2(200), 
	"PRODUCT_NAME" NVARCHAR2(200), 
	"VENDOR_ID" NUMBER(*,0), 
	"MEASURE_ID" NUMBER(*,0), 
	"PRICE" NUMBER(10,2), 
	"PRODUCTION_DATE" DATE, 
	"EXPIRY_DATE" DATE, 
	"DISTRIBUTOR_ID" NUMBER(*,0), 
	"PROMOTION_ID" NUMBER(*,0) DEFAULT 0
   ) SEGMENT CREATION IMMEDIATE 
  PCTFREE 10 PCTUSED 40 INITRANS 1 MAXTRANS 255 NOCOMPRESS LOGGING
  STORAGE(INITIAL 65536 NEXT 1048576 MINEXTENTS 1 MAXEXTENTS 2147483645
  PCTINCREASE 0 FREELISTS 1 FREELIST GROUPS 1 BUFFER_POOL DEFAULT FLASH_CACHE DEFAULT CELL_FLASH_CACHE DEFAULT)
  TABLESPACE "USERS" ;
--------------------------------------------------------
--  DDL for Table PROMOTIONS
--------------------------------------------------------

  CREATE TABLE "CASHIER"."PROMOTIONS" 
   (	"ID" NUMBER(*,0), 
	"PROMOTION_NAME" NVARCHAR2(202)
   ) SEGMENT CREATION IMMEDIATE 
  PCTFREE 10 PCTUSED 40 INITRANS 1 MAXTRANS 255 NOCOMPRESS LOGGING
  STORAGE(INITIAL 65536 NEXT 1048576 MINEXTENTS 1 MAXEXTENTS 2147483645
  PCTINCREASE 0 FREELISTS 1 FREELIST GROUPS 1 BUFFER_POOL DEFAULT FLASH_CACHE DEFAULT CELL_FLASH_CACHE DEFAULT)
  TABLESPACE "USERS" ;
--------------------------------------------------------
--  DDL for Table VENDORS
--------------------------------------------------------

  CREATE TABLE "CASHIER"."VENDORS" 
   (	"ID" NUMBER(*,0), 
	"VENDOR_NAME" NVARCHAR2(200), 
	"VENDOR_COUNTRY" NVARCHAR2(200), 
	"VENDOR_DISCOUNT" NUMBER(2,3), 
	"DISTRIBUTOR_ID" NUMBER(*,0)
   ) SEGMENT CREATION IMMEDIATE 
  PCTFREE 10 PCTUSED 40 INITRANS 1 MAXTRANS 255 NOCOMPRESS LOGGING
  STORAGE(INITIAL 65536 NEXT 1048576 MINEXTENTS 1 MAXEXTENTS 2147483645
  PCTINCREASE 0 FREELISTS 1 FREELIST GROUPS 1 BUFFER_POOL DEFAULT FLASH_CACHE DEFAULT CELL_FLASH_CACHE DEFAULT)
  TABLESPACE "USERS" ;
REM INSERTING into CASHIER.DISTRIBUTORS
SET DEFINE OFF;
Insert into CASHIER.DISTRIBUTORS (ID,DISTRIBUTOR_NAME,CONTACT_NAME,CONTACT_PHONE,DIST_ADDRESS) values (1,'PEsho Logistic','PEsho Petrov','0887878787','2 Hristo Botev Blvd, Sofia');
Insert into CASHIER.DISTRIBUTORS (ID,DISTRIBUTOR_NAME,CONTACT_NAME,CONTACT_PHONE,DIST_ADDRESS) values (2,'Gosho Delivery','Gosho Georgiev','088 888-88-88','Na Megdana sq., Kaspichan');
Insert into CASHIER.DISTRIBUTORS (ID,DISTRIBUTOR_NAME,CONTACT_NAME,CONTACT_PHONE,DIST_ADDRESS) values (3,'MoemDaNosim','Spiro Spirov','0899 987654','1 Macedonia Sq.');
REM INSERTING into CASHIER.MEASURES
SET DEFINE OFF;
Insert into CASHIER.MEASURES (ID,MEASURE_TYPE,SHORT) values (1,'Litre','l.');
Insert into CASHIER.MEASURES (ID,MEASURE_TYPE,SHORT) values (2,'Kilogram','kg');
Insert into CASHIER.MEASURES (ID,MEASURE_TYPE,SHORT) values (3,'Piece','pcs.');
Insert into CASHIER.MEASURES (ID,MEASURE_TYPE,SHORT) values (4,'Gram','g');
Insert into CASHIER.MEASURES (ID,MEASURE_TYPE,SHORT) values (5,'Meter','m');
Insert into CASHIER.MEASURES (ID,MEASURE_TYPE,SHORT) values (6,'Sq.Meter','m2');
REM INSERTING into CASHIER.PRODUCTS
SET DEFINE OFF;
Insert into CASHIER.PRODUCTS (ID,PRODUCT_TYPE,PRODUCT_NAME,VENDOR_ID,MEASURE_ID,PRICE,PRODUCTION_DATE,EXPIRY_DATE,DISTRIBUTOR_ID,PROMOTION_ID) values (1,'beer','Zagorka ?????',1,1,2.5,to_date('01-JUL-15','DD-MON-RR'),to_date('31-JUL-15','DD-MON-RR'),1,0);
Insert into CASHIER.PRODUCTS (ID,PRODUCT_TYPE,PRODUCT_NAME,VENDOR_ID,MEASURE_ID,PRICE,PRODUCTION_DATE,EXPIRY_DATE,DISTRIBUTOR_ID,PROMOTION_ID) values (2,'????','Kamenitza ?????',2,1,2.33,to_date('01-JUN-15','DD-MON-RR'),to_date('31-AUG-15','DD-MON-RR'),1,0);
Insert into CASHIER.PRODUCTS (ID,PRODUCT_TYPE,PRODUCT_NAME,VENDOR_ID,MEASURE_ID,PRICE,PRODUCTION_DATE,EXPIRY_DATE,DISTRIBUTOR_ID,PROMOTION_ID) values (3,'???????',null,4,2,0.5,to_date('16-JUN-15','DD-MON-RR'),to_date('31-DEC-15','DD-MON-RR'),2,0);
REM INSERTING into CASHIER.PROMOTIONS
SET DEFINE OFF;
Insert into CASHIER.PROMOTIONS (ID,PROMOTION_NAME) values (11,'Hot Summer');
Insert into CASHIER.PROMOTIONS (ID,PROMOTION_NAME) values (12,'Cold Winter');
REM INSERTING into CASHIER.VENDORS
SET DEFINE OFF;
Insert into CASHIER.VENDORS (ID,VENDOR_NAME,VENDOR_COUNTRY,VENDOR_DISCOUNT,DISTRIBUTOR_ID) values (1,'Zagorka Brewing Company','Bulgaria',0,1);
Insert into CASHIER.VENDORS (ID,VENDOR_NAME,VENDOR_COUNTRY,VENDOR_DISCOUNT,DISTRIBUTOR_ID) values (2,'Kamenitza Breweries','Bulgaria',0,1);
Insert into CASHIER.VENDORS (ID,VENDOR_NAME,VENDOR_COUNTRY,VENDOR_DISCOUNT,DISTRIBUTOR_ID) values (3,'Carlsberg','Denmark',0,2);
Insert into CASHIER.VENDORS (ID,VENDOR_NAME,VENDOR_COUNTRY,VENDOR_DISCOUNT,DISTRIBUTOR_ID) values (4,'???? ????','????????',0,3);
--------------------------------------------------------
--  DDL for Index DISTRIBUTORS_PK
--------------------------------------------------------

  CREATE UNIQUE INDEX "CASHIER"."DISTRIBUTORS_PK" ON "CASHIER"."DISTRIBUTORS" ("ID") 
  PCTFREE 10 INITRANS 2 MAXTRANS 255 COMPUTE STATISTICS 
  STORAGE(INITIAL 65536 NEXT 1048576 MINEXTENTS 1 MAXEXTENTS 2147483645
  PCTINCREASE 0 FREELISTS 1 FREELIST GROUPS 1 BUFFER_POOL DEFAULT FLASH_CACHE DEFAULT CELL_FLASH_CACHE DEFAULT)
  TABLESPACE "USERS" ;
--------------------------------------------------------
--  DDL for Index MEASURES_PK
--------------------------------------------------------

  CREATE UNIQUE INDEX "CASHIER"."MEASURES_PK" ON "CASHIER"."MEASURES" ("ID") 
  PCTFREE 10 INITRANS 2 MAXTRANS 255 COMPUTE STATISTICS 
  STORAGE(INITIAL 65536 NEXT 1048576 MINEXTENTS 1 MAXEXTENTS 2147483645
  PCTINCREASE 0 FREELISTS 1 FREELIST GROUPS 1 BUFFER_POOL DEFAULT FLASH_CACHE DEFAULT CELL_FLASH_CACHE DEFAULT)
  TABLESPACE "USERS" ;
--------------------------------------------------------
--  DDL for Index PROMOTIONS_PK
--------------------------------------------------------

  CREATE UNIQUE INDEX "CASHIER"."PROMOTIONS_PK" ON "CASHIER"."PROMOTIONS" ("ID") 
  PCTFREE 10 INITRANS 2 MAXTRANS 255 
  STORAGE(INITIAL 65536 NEXT 1048576 MINEXTENTS 1 MAXEXTENTS 2147483645
  PCTINCREASE 0 FREELISTS 1 FREELIST GROUPS 1 BUFFER_POOL DEFAULT FLASH_CACHE DEFAULT CELL_FLASH_CACHE DEFAULT)
  TABLESPACE "USERS" ;
--------------------------------------------------------
--  DDL for Index TABLE1_PK
--------------------------------------------------------

  CREATE UNIQUE INDEX "CASHIER"."TABLE1_PK" ON "CASHIER"."PRODUCTS" ("ID") 
  PCTFREE 10 INITRANS 2 MAXTRANS 255 COMPUTE STATISTICS 
  STORAGE(INITIAL 65536 NEXT 1048576 MINEXTENTS 1 MAXEXTENTS 2147483645
  PCTINCREASE 0 FREELISTS 1 FREELIST GROUPS 1 BUFFER_POOL DEFAULT FLASH_CACHE DEFAULT CELL_FLASH_CACHE DEFAULT)
  TABLESPACE "USERS" ;
--------------------------------------------------------
--  DDL for Index VENDORS_PK
--------------------------------------------------------

  CREATE UNIQUE INDEX "CASHIER"."VENDORS_PK" ON "CASHIER"."VENDORS" ("ID") 
  PCTFREE 10 INITRANS 2 MAXTRANS 255 COMPUTE STATISTICS 
  STORAGE(INITIAL 65536 NEXT 1048576 MINEXTENTS 1 MAXEXTENTS 2147483645
  PCTINCREASE 0 FREELISTS 1 FREELIST GROUPS 1 BUFFER_POOL DEFAULT FLASH_CACHE DEFAULT CELL_FLASH_CACHE DEFAULT)
  TABLESPACE "USERS" ;
--------------------------------------------------------
--  Constraints for Table DISTRIBUTORS
--------------------------------------------------------

  ALTER TABLE "CASHIER"."DISTRIBUTORS" ADD CONSTRAINT "DISTRIBUTORS_PK" PRIMARY KEY ("ID")
  USING INDEX PCTFREE 10 INITRANS 2 MAXTRANS 255 COMPUTE STATISTICS 
  STORAGE(INITIAL 65536 NEXT 1048576 MINEXTENTS 1 MAXEXTENTS 2147483645
  PCTINCREASE 0 FREELISTS 1 FREELIST GROUPS 1 BUFFER_POOL DEFAULT FLASH_CACHE DEFAULT CELL_FLASH_CACHE DEFAULT)
  TABLESPACE "USERS"  ENABLE;
  ALTER TABLE "CASHIER"."DISTRIBUTORS" MODIFY ("DISTRIBUTOR_NAME" NOT NULL ENABLE);
  ALTER TABLE "CASHIER"."DISTRIBUTORS" MODIFY ("ID" NOT NULL ENABLE);
--------------------------------------------------------
--  Constraints for Table MEASURES
--------------------------------------------------------

  ALTER TABLE "CASHIER"."MEASURES" MODIFY ("MEASURE_TYPE" NOT NULL ENABLE);
  ALTER TABLE "CASHIER"."MEASURES" ADD CONSTRAINT "MEASURES_PK" PRIMARY KEY ("ID")
  USING INDEX PCTFREE 10 INITRANS 2 MAXTRANS 255 COMPUTE STATISTICS 
  STORAGE(INITIAL 65536 NEXT 1048576 MINEXTENTS 1 MAXEXTENTS 2147483645
  PCTINCREASE 0 FREELISTS 1 FREELIST GROUPS 1 BUFFER_POOL DEFAULT FLASH_CACHE DEFAULT CELL_FLASH_CACHE DEFAULT)
  TABLESPACE "USERS"  ENABLE;
  ALTER TABLE "CASHIER"."MEASURES" MODIFY ("ID" NOT NULL ENABLE);
--------------------------------------------------------
--  Constraints for Table PRODUCTS
--------------------------------------------------------

  ALTER TABLE "CASHIER"."PRODUCTS" MODIFY ("DISTRIBUTOR_ID" NOT NULL ENABLE);
  ALTER TABLE "CASHIER"."PRODUCTS" MODIFY ("PRICE" NOT NULL ENABLE);
  ALTER TABLE "CASHIER"."PRODUCTS" MODIFY ("PROMOTION_ID" NOT NULL ENABLE);
  ALTER TABLE "CASHIER"."PRODUCTS" ADD CONSTRAINT "TABLE1_PK" PRIMARY KEY ("ID")
  USING INDEX PCTFREE 10 INITRANS 2 MAXTRANS 255 COMPUTE STATISTICS 
  STORAGE(INITIAL 65536 NEXT 1048576 MINEXTENTS 1 MAXEXTENTS 2147483645
  PCTINCREASE 0 FREELISTS 1 FREELIST GROUPS 1 BUFFER_POOL DEFAULT FLASH_CACHE DEFAULT CELL_FLASH_CACHE DEFAULT)
  TABLESPACE "USERS"  ENABLE;
  ALTER TABLE "CASHIER"."PRODUCTS" MODIFY ("MEASURE_ID" NOT NULL ENABLE);
  ALTER TABLE "CASHIER"."PRODUCTS" MODIFY ("VENDOR_ID" NOT NULL ENABLE);
  ALTER TABLE "CASHIER"."PRODUCTS" MODIFY ("PRODUCT_TYPE" NOT NULL ENABLE);
  ALTER TABLE "CASHIER"."PRODUCTS" MODIFY ("ID" NOT NULL ENABLE);
--------------------------------------------------------
--  Constraints for Table PROMOTIONS
--------------------------------------------------------

  ALTER TABLE "CASHIER"."PROMOTIONS" ADD CONSTRAINT "PROMOTIONS_PK" PRIMARY KEY ("ID")
  USING INDEX PCTFREE 10 INITRANS 2 MAXTRANS 255 
  STORAGE(INITIAL 65536 NEXT 1048576 MINEXTENTS 1 MAXEXTENTS 2147483645
  PCTINCREASE 0 FREELISTS 1 FREELIST GROUPS 1 BUFFER_POOL DEFAULT FLASH_CACHE DEFAULT CELL_FLASH_CACHE DEFAULT)
  TABLESPACE "USERS"  ENABLE;
  ALTER TABLE "CASHIER"."PROMOTIONS" MODIFY ("PROMOTION_NAME" NOT NULL ENABLE);
  ALTER TABLE "CASHIER"."PROMOTIONS" MODIFY ("ID" NOT NULL ENABLE);
--------------------------------------------------------
--  Constraints for Table VENDORS
--------------------------------------------------------

  ALTER TABLE "CASHIER"."VENDORS" MODIFY ("VENDOR_COUNTRY" NOT NULL ENABLE);
  ALTER TABLE "CASHIER"."VENDORS" MODIFY ("VENDOR_DISCOUNT" NOT NULL ENABLE);
  ALTER TABLE "CASHIER"."VENDORS" MODIFY ("VENDOR_NAME" NOT NULL ENABLE);
  ALTER TABLE "CASHIER"."VENDORS" ADD CONSTRAINT "VENDORS_PK" PRIMARY KEY ("ID")
  USING INDEX PCTFREE 10 INITRANS 2 MAXTRANS 255 COMPUTE STATISTICS 
  STORAGE(INITIAL 65536 NEXT 1048576 MINEXTENTS 1 MAXEXTENTS 2147483645
  PCTINCREASE 0 FREELISTS 1 FREELIST GROUPS 1 BUFFER_POOL DEFAULT FLASH_CACHE DEFAULT CELL_FLASH_CACHE DEFAULT)
  TABLESPACE "USERS"  ENABLE;
  ALTER TABLE "CASHIER"."VENDORS" MODIFY ("ID" NOT NULL ENABLE);
  ALTER TABLE "CASHIER"."VENDORS" MODIFY ("DISTRIBUTOR_ID" NOT NULL ENABLE);
--------------------------------------------------------
--  DDL for Trigger DISTRIBUTORS_TRG
--------------------------------------------------------

  CREATE OR REPLACE TRIGGER "CASHIER"."DISTRIBUTORS_TRG" 
BEFORE INSERT ON CASHIER.DISTRIBUTORS 
FOR EACH ROW 
BEGIN
  <<COLUMN_SEQUENCES>>
  BEGIN
    IF INSERTING AND :NEW.ID IS NULL THEN
      SELECT DISTRIBUTORS_SEQ.NEXTVAL INTO :NEW.ID FROM SYS.DUAL;
    END IF;
  END COLUMN_SEQUENCES;
END;
/
ALTER TRIGGER "CASHIER"."DISTRIBUTORS_TRG" ENABLE;
--------------------------------------------------------
--  DDL for Trigger MEASURES_TRG
--------------------------------------------------------

  CREATE OR REPLACE TRIGGER "CASHIER"."MEASURES_TRG" 
BEFORE INSERT ON CASHIER.MEASURES 
FOR EACH ROW 
BEGIN
  <<COLUMN_SEQUENCES>>
  BEGIN
    NULL;
  END COLUMN_SEQUENCES;
END;
/
ALTER TRIGGER "CASHIER"."MEASURES_TRG" ENABLE;
--------------------------------------------------------
--  DDL for Trigger MEASURES_TRG1
--------------------------------------------------------

  CREATE OR REPLACE TRIGGER "CASHIER"."MEASURES_TRG1" 
BEFORE INSERT ON CASHIER.MEASURES 
FOR EACH ROW 
BEGIN
  <<COLUMN_SEQUENCES>>
  BEGIN
    IF INSERTING AND :NEW.ID IS NULL THEN
      SELECT MEASURES_SEQ1.NEXTVAL INTO :NEW.ID FROM SYS.DUAL;
    END IF;
  END COLUMN_SEQUENCES;
END;
/
ALTER TRIGGER "CASHIER"."MEASURES_TRG1" ENABLE;
--------------------------------------------------------
--  DDL for Trigger PRODUCTS_TRG
--------------------------------------------------------

  CREATE OR REPLACE TRIGGER "CASHIER"."PRODUCTS_TRG" 
BEFORE INSERT ON CASHIER.PRODUCTS 
FOR EACH ROW 
BEGIN
  <<COLUMN_SEQUENCES>>
  BEGIN
    NULL;
  END COLUMN_SEQUENCES;
END;
/
ALTER TRIGGER "CASHIER"."PRODUCTS_TRG" ENABLE;
--------------------------------------------------------
--  DDL for Trigger PROMOTIONS_TRG
--------------------------------------------------------

  CREATE OR REPLACE TRIGGER "CASHIER"."PROMOTIONS_TRG" 
BEFORE INSERT ON CASHIER.PROMOTIONS 
FOR EACH ROW 
BEGIN
  <<COLUMN_SEQUENCES>>
  BEGIN
    NULL;
  END COLUMN_SEQUENCES;
END;
/
ALTER TRIGGER "CASHIER"."PROMOTIONS_TRG" ENABLE;
--------------------------------------------------------
--  DDL for Trigger VENDORS_TRG
--------------------------------------------------------

  CREATE OR REPLACE TRIGGER "CASHIER"."VENDORS_TRG" 
BEFORE INSERT ON CASHIER.VENDORS 
FOR EACH ROW 
BEGIN
  <<COLUMN_SEQUENCES>>
  BEGIN
    NULL;
  END COLUMN_SEQUENCES;
END;
/
ALTER TRIGGER "CASHIER"."VENDORS_TRG" ENABLE;
